epoch,FN,FP,TN,TP,accuracy,auc,f1_score,loss,lr,mcc,npv,precision,recall,specificity,val_FN,val_FP,val_TN,val_TP,val_accuracy,val_auc,val_f1_score,val_loss,val_mcc,val_npv,val_precision,val_recall,val_specificity
0,557.0,540.0,5764.0,5747.0,0.9112260937690735,0.9675036072731018,0.9072023630142212,0.24683669209480286,0.01,0.8150529265403748,0.9064235091209412,0.9141084551811218,0.911643385887146,0.9088375568389893,50.0,441.0,711.0,1102.0,0.8324652910232544,0.912619411945343,0.8203020691871643,0.5563566088676453,0.6056169271469116,0.9195591807365417,0.7141931056976318,0.9565972089767456,0.6171875
1,392.0,391.0,4624.0,4623.0,0.9220339059829712,0.9707248210906982,0.9219380617141724,0.21572498977184296,0.01,0.8439667224884033,0.9219013452529907,0.9220183491706848,0.9218344688415527,0.9220955967903137,582.0,582.0,570.0,570.0,0.4947916567325592,0.4947916865348816,0.4947916567325592,16.205364227294922,-0.010416666977107525,0.4947916567325592,0.4947916567325592,0.4947916567325592,0.4947916567325592
2,352.0,351.0,4664.0,4663.0,0.9298105835914612,0.9760770797729492,0.9298903346061707,0.19320645928382874,0.01,0.8597736954689026,0.929772138595581,0.9299960136413574,0.9298105835914612,0.9299795627593994,568.0,570.0,582.0,584.0,0.5069444179534912,0.5913861989974976,0.5064769983291626,3.2329459190368652,0.01215447299182415,0.5061323642730713,0.506065845489502,0.5069444179534912,0.5052083134651184
3,322.0,326.0,4689.0,4693.0,0.9363908171653748,0.9797133803367615,0.9352993369102478,0.17709676921367645,0.01,0.8705897331237793,0.9356625080108643,0.9350468516349792,0.9357926249504089,0.9348778128623962,576.0,576.0,576.0,576.0,0.5,0.566602885723114,0.5,3.0858240127563477,0.0,0.5,0.5,0.5,0.5
4,254.0,258.0,4757.0,4761.0,0.949351966381073,0.9828022122383118,0.9489097595214844,0.15729941427707672,0.0009999999,0.8978051543235779,0.9492714405059814,0.9485953450202942,0.949351966381073,0.9484906792640686,552.0,558.0,594.0,600.0,0.5182291865348816,0.663796067237854,0.5194650888442993,2.2430083751678467,0.036462586373090744,0.5183150172233582,0.5181347131729126,0.5208333134651184,0.515625
5,242.0,245.0,4770.0,4773.0,0.9513459801673889,0.9860801100730896,0.9514616131782532,0.14131009578704834,0.0009999999,0.9029337167739868,0.951762318611145,0.9511757493019104,0.951744794845581,0.9511561393737793,333.0,346.0,806.0,819.0,0.7065972089767456,0.8274052143096924,0.7068700194358826,0.8417455554008484,0.4106883108615875,0.7078255414962769,0.7030043005943298,0.7109375,0.6996527910232544
