epoch,FN,FP,TN,TP,accuracy,auc,f1_score,loss,lr,mcc,npv,precision,recall,specificity,val_FN,val_FP,val_TN,val_TP,val_accuracy,val_auc,val_f1_score,val_loss,val_mcc,val_npv,val_precision,val_recall,val_specificity
0,1512.0,1494.0,4650.0,4632.0,0.8268145322799683,0.8160748481750488,0.8173472881317139,0.41637229919433594,0.01,0.6355811953544617,0.8163155913352966,0.7561214566230774,0.75390625,0.8191532492637634,610.0,610.0,638.0,638.0,0.5112179517745972,0.5106330513954163,0.5112178921699524,0.9125522971153259,0.022435897961258888,0.5112179517745972,0.5112179517745972,0.5112179517745972,0.5112179517745972
1,567.0,567.0,4370.0,4370.0,0.885558009147644,0.9527121782302856,0.8856578469276428,0.27861741185188293,0.01,0.7716588973999023,0.8859849572181702,0.8851529359817505,0.8851529359817505,0.8856855034828186,610.0,610.0,638.0,638.0,0.5112179517745972,0.5327867865562439,0.5112178921699524,0.8987895250320435,0.022435897961258888,0.5112179517745972,0.5112179517745972,0.5112179517745972,0.5112179517745972
2,546.0,556.0,4381.0,4391.0,0.8887988924980164,0.9552368521690369,0.8874281644821167,0.27091845870018005,0.01,0.774981677532196,0.8884638547897339,0.8876086473464966,0.8894065022468567,0.8863575458526611,1248.0,0.0,1248.0,0.0,0.5112179517745972,0.5862566232681274,0.0,0.9418864846229553,0.0,0.5,0.0,0.0,1.0
3,479.0,478.0,4459.0,4458.0,0.9025723934173584,0.9665744304656982,0.9035332202911377,0.23410116136074066,0.01,0.8071935176849365,0.9035369753837585,0.9031604528427124,0.9029775261878967,0.9036290049552917,1248.0,0.0,1248.0,0.0,0.5112179517745972,0.5164192318916321,0.0,1.2802993059158325,0.0,0.5,0.0,0.0,1.0
4,406.0,399.0,4538.0,4531.0,0.9173586964607239,0.9747772216796875,0.9183130860328674,0.2032804638147354,0.0009999999,0.8367551565170288,0.917747437953949,0.9190669655799866,0.9177638292312622,0.9190412163734436,1248.0,0.0,1248.0,0.0,0.40464743971824646,0.4160313606262207,0.0,1.4216221570968628,0.0,0.5,0.0,0.0,1.0
5,357.0,351.0,4586.0,4580.0,0.9278914332389832,0.9813207983970642,0.9285790324211121,0.17679782211780548,0.0009999999,0.8573673367500305,0.9282200932502747,0.9288176894187927,0.9276888966560364,0.9292338490486145,1239.0,53.0,1195.0,9.0,0.4166666567325592,0.41967275738716125,0.012992498464882374,1.5014809370040894,-0.08492725342512131,0.4905344545841217,0.14516128599643707,0.0072115384973585606,0.9575320482254028
