epoch,FN,FP,TN,TP,accuracy,auc,f1_score,loss,lr,mcc,npv,precision,recall,specificity,val_FN,val_FP,val_TN,val_TP,val_accuracy,val_auc,val_f1_score,val_loss,val_mcc,val_npv,val_precision,val_recall,val_specificity
0,1522.0,1515.0,4725.0,4718.0,0.8242436051368713,0.7762888073921204,0.8173776865005493,0.42283159494400024,0.01,0.635391116142273,0.8170334100723267,0.7569388747215271,0.7560897469520569,0.8180732727050781,605.0,605.0,579.0,579.0,0.4890202581882477,0.44404488801956177,0.4890202283859253,0.7404389381408691,-0.0219594594091177,0.4890202581882477,0.4890202581882477,0.4890202581882477,0.4890202581882477
1,587.0,585.0,4411.0,4409.0,0.8839071393013,0.9509361982345581,0.8827115893363953,0.28307846188545227,0.01,0.7658243179321289,0.8835302591323853,0.8828594088554382,0.8825060129165649,0.8821656107902527,605.0,605.0,579.0,579.0,0.4890202581882477,0.4535002112388611,0.4890202283859253,0.9318922758102417,-0.0219594594091177,0.4890202581882477,0.4890202581882477,0.4890202581882477,0.4890202581882477
2,527.0,522.0,4474.0,4469.0,0.8957165479660034,0.960339367389679,0.8913301229476929,0.25463128089904785,0.01,0.7830355763435364,0.891267716884613,0.8954117298126221,0.8945156335830688,0.8919187784194946,605.0,604.0,580.0,579.0,0.4890202581882477,0.46760469675064087,0.4892481863498688,1.3222559690475464,-0.021113628521561623,0.48940420150756836,0.4894336462020874,0.4890202581882477,0.48986485600471497
3,491.0,488.0,4508.0,4505.0,0.9025220274925232,0.9637829661369324,0.9011683464050293,0.24347347021102905,0.01,0.8025089502334595,0.9010258316993713,0.9022631645202637,0.9017213582992554,0.9014729261398315,1184.0,0.0,1184.0,0.0,0.4890202581882477,0.43558114767074585,0.0,1.9352936744689941,0.0,0.5,0.0,0.0,1.0
4,370.0,386.0,4610.0,4626.0,0.9231384992599487,0.9779189825057983,0.9249284267425537,0.19109417498111725,0.0009999999,0.8496564030647278,0.9261420369148254,0.9229848384857178,0.925940752029419,0.9231687784194946,1184.0,0.0,1184.0,0.0,0.4890202581882477,0.5030641555786133,0.0,3.338886022567749,0.0,0.5,0.0,0.0,1.0
5,336.0,338.0,4658.0,4660.0,0.9329463839530945,0.9812126159667969,0.9329637885093689,0.175273597240448,0.0009999999,0.8659430146217346,0.9331257939338684,0.9323729276657104,0.932746171951294,0.9327229261398315,1184.0,0.0,1184.0,0.0,0.4890202581882477,0.47358930110931396,0.0,3.0101537704467773,0.0,0.5,0.0,0.0,1.0
