epoch,FN,FP,TN,TP,accuracy,auc,f1_score,loss,lr,mcc,npv,precision,recall,specificity,val_FN,val_FP,val_TN,val_TP,val_accuracy,val_auc,val_f1_score,val_loss,val_mcc,val_npv,val_precision,val_recall,val_specificity
0,2022.0,1095.0,5081.0,4154.0,0.8225160241127014,0.8039727210998535,0.8160556554794312,0.41946378350257874,0.01,0.6319863796234131,0.8178600668907166,0.7913888096809387,0.6726036071777344,0.8129006624221802,576.0,576.0,640.0,640.0,0.5263158082962036,0.5521470308303833,0.5263157486915588,0.8172345161437988,0.05263157933950424,0.5263158082962036,0.5263158082962036,0.5263158082962036,0.5263158082962036
1,600.0,609.0,4364.0,4373.0,0.8791474103927612,0.9481112360954285,0.8780398368835449,0.29132142663002014,0.01,0.7563335299491882,0.8791283965110779,0.8777599334716797,0.8793484568595886,0.8771264553070068,576.0,576.0,640.0,640.0,0.5263158082962036,0.5347728133201599,0.5263157486915588,1.007462501525879,0.05263157933950424,0.5263158082962036,0.5263158082962036,0.5263158082962036,0.5263158082962036
2,469.0,470.0,4503.0,4504.0,0.9064950942993164,0.9646550416946411,0.9053139090538025,0.24025548994541168,0.01,0.8108946681022644,0.9057087302207947,0.9055086374282837,0.9056907296180725,0.9052638411521912,1198.0,3.0,1213.0,18.0,0.5263158082962036,0.5488129258155823,0.028426678851246834,1.1117976903915405,0.04592316225171089,0.5031462907791138,0.8571428656578064,0.014802631922066212,0.9975329041481018
3,440.0,434.0,4539.0,4533.0,0.9107179045677185,0.9700856804847717,0.911695122718811,0.22105170786380768,0.01,0.8235957622528076,0.9114596843719482,0.9126232862472534,0.9115222096443176,0.9121825098991394,1216.0,0.0,1216.0,0.0,0.5263158082962036,0.5468114614486694,0.0,2.114168167114258,0.0,0.5,0.0,0.0,1.0
4,357.0,358.0,4615.0,4616.0,0.9280112385749817,0.9788060188293457,0.9277554154396057,0.18859417736530304,0.0009999999,0.8557635545730591,0.9281371831893921,0.9280257225036621,0.9282123446464539,0.9276997447013855,1216.0,0.0,1216.0,0.0,0.5263158082962036,0.5708776116371155,0.0,3.219686508178711,0.0,0.5,0.0,0.0,1.0
5,338.0,329.0,4644.0,4635.0,0.9326362609863281,0.9824455380439758,0.9331232905387878,0.17016080021858215,0.0009999999,0.8664926290512085,0.9325257539749146,0.9337227940559387,0.9320330023765564,0.9340945482254028,1207.0,1.0,1215.0,9.0,0.5263158082962036,0.5696038007736206,0.01426024828106165,4.0707106590271,0.024619322270154953,0.5016775727272034,0.8999999761581421,0.007401315961033106,0.9991776347160339
