epoch,FN,FP,TN,TP,accuracy,auc,f1_score,loss,lr,mcc,npv,precision,recall,specificity,val_FN,val_FP,val_TN,val_TP,val_accuracy,val_auc,val_f1_score,val_loss,val_mcc,val_npv,val_precision,val_recall,val_specificity
0,1116.0,1659.0,4549.0,5092.0,0.8193109035491943,0.8622772097587585,0.8095448017120361,0.4285973906517029,0.01,0.6206023097038269,0.8116567134857178,0.7542586326599121,0.8202319741249084,0.8092948794364929,592.0,592.0,592.0,592.0,0.5,0.43493878841400146,0.4999999403953552,0.7806623578071594,0.0,0.5,0.5,0.5,0.5
1,569.0,583.0,4401.0,4415.0,0.8860353231430054,0.9478663206100464,0.8846650719642639,0.2909305691719055,0.01,0.769203245639801,0.8857049942016602,0.8833533525466919,0.8858346939086914,0.8830128312110901,592.0,594.0,590.0,592.0,0.5,0.43776997923851013,0.4995841383934021,0.7548248767852783,-0.0016900140326470137,0.49912819266319275,0.4991568326950073,0.5,0.49831080436706543
2,511.0,516.0,4468.0,4473.0,0.8978732228279114,0.9614210724830627,0.8971084952354431,0.25105956196784973,0.01,0.7941340208053589,0.8973921537399292,0.896572470664978,0.8974719047546387,0.8964343070983887,592.0,592.0,592.0,592.0,0.5,0.45484665036201477,0.4999999403953552,0.96761155128479,0.0,0.5,0.5,0.5,0.5
3,420.0,425.0,4559.0,4564.0,0.9149277806282043,0.9720398187637329,0.9154369831085205,0.21369819343090057,0.01,0.8308404684066772,0.9158174395561218,0.9148125648498535,0.915730357170105,0.9148637652397156,650.0,541.0,643.0,534.0,0.5,0.4459984004497528,0.47304096817970276,0.9432079195976257,-0.005662851966917515,0.49607136845588684,0.49674418568611145,0.4510135054588318,0.5430743098258972
4,374.0,374.0,4610.0,4610.0,0.925561785697937,0.9759262800216675,0.9249204993247986,0.1971442699432373,0.0009999999,0.8500208854675293,0.9251124262809753,0.9249598979949951,0.9249598979949951,0.9249466061592102,609.0,585.0,599.0,575.0,0.5,0.5036801099777222,0.4902292788028717,1.3366628885269165,-0.008474076166749,0.4964102804660797,0.49568966031074524,0.4856418967247009,0.505912184715271
5,312.0,305.0,4679.0,4672.0,0.9382022619247437,0.9827650189399719,0.9380688667297363,0.1668650209903717,0.0009999999,0.8763609528541565,0.9376466274261475,0.9387180805206299,0.937399685382843,0.9388355612754822,602.0,590.0,594.0,582.0,0.5,0.5195547342300415,0.49389055371284485,1.1894044876098633,-0.006773302797228098,0.4968700408935547,0.49658703804016113,0.49155405163764954,0.5016891956329346
