epoch,FN,FP,TN,TP,accuracy,auc,f1_score,loss,lr,mcc,npv,precision,recall,specificity,val_FN,val_FP,val_TN,val_TP,val_accuracy,val_auc,val_f1_score,val_loss,val_mcc,val_npv,val_precision,val_recall,val_specificity
0,1530.0,1502.0,4642.0,4614.0,0.8180146813392639,0.7984519004821777,0.8123805522918701,0.4349232017993927,0.01,0.6264471411705017,0.8114463090896606,0.7544146776199341,0.7509765625,0.8157680034637451,630.0,630.0,650.0,650.0,0.5078125,0.5595260858535767,0.5078124403953552,0.9906409382820129,0.015625,0.5078125,0.5078125,0.5078125,0.5078125
1,583.0,574.0,4307.0,4298.0,0.882606029510498,0.9478152990341187,0.8809791803359985,0.291361004114151,0.01,0.7625462412834167,0.8807379007339478,0.8821839094161987,0.8805572390556335,0.8820405602455139,630.0,630.0,650.0,650.0,0.5078125,0.5372692346572876,0.5078124403953552,1.3686527013778687,0.015625,0.5078125,0.5078125,0.5078125,0.5078125
2,514.0,519.0,4362.0,4367.0,0.8928498029708862,0.9582142233848572,0.8942106366157532,0.26136648654937744,0.01,0.7882853746414185,0.8944902420043945,0.8937781453132629,0.8946937322616577,0.8934544324874878,630.0,630.0,650.0,650.0,0.5078125,0.46292415261268616,0.5078124403953552,1.2927956581115723,0.015625,0.5078125,0.5078125,0.5078125,0.5078125
3,453.0,436.0,4445.0,4428.0,0.9090350270271301,0.967701256275177,0.9087991118431091,0.22926947474479675,0.01,0.8182107210159302,0.9078822731971741,0.9103618264198303,0.9071911573410034,0.9107674956321716,630.0,630.0,650.0,650.0,0.5078125,0.4528881907463074,0.5078124403953552,2.093418836593628,0.015625,0.5078125,0.5078125,0.5078125,0.5078125
4,393.0,399.0,4482.0,4488.0,0.9190739393234253,0.9749026894569397,0.9192044138908386,0.20268577337265015,0.0009999999,0.8383842706680298,0.9196900725364685,0.9183548092842102,0.9194837212562561,0.9185048937797546,630.0,630.0,650.0,650.0,0.5078125,0.3997817933559418,0.5078124403953552,1.774505376815796,0.015625,0.5078125,0.5078125,0.5078125,0.5078125
5,346.0,343.0,4538.0,4535.0,0.9297274947166443,0.9791946411132812,0.9288515448570251,0.18364715576171875,0.0009999999,0.8579168319702148,0.9288122653961182,0.9296842813491821,0.9291129112243652,0.9292219281196594,630.0,630.0,650.0,650.0,0.5078125,0.4342004656791687,0.5078124403953552,1.449715495109558,0.015625,0.5078125,0.5078125,0.5078125,0.5078125
