epoch,FN,FP,TN,TP,accuracy,auc,f1_score,loss,lr,mcc,npv,precision,recall,specificity,val_FN,val_FP,val_TN,val_TP,val_accuracy,val_auc,val_f1_score,val_loss,val_mcc,val_npv,val_precision,val_recall,val_specificity
0,1343.0,1631.0,4481.0,4769.0,0.8331330418586731,0.7955952286720276,0.8299441337585449,0.3924817740917206,0.01,0.6606695652008057,0.8300960063934326,0.7451562285423279,0.7802683115005493,0.8305288553237915,586.0,586.0,630.0,630.0,0.5180920958518982,0.44979289174079895,0.5180920362472534,0.7381726503372192,0.03618421033024788,0.5180920958518982,0.5180920958518982,0.5180920958518982,0.5180920958518982
1,557.0,560.0,4405.0,4408.0,0.8882175087928772,0.9559813141822815,0.8858796954154968,0.26842302083969116,0.01,0.7721591591835022,0.8866168260574341,0.8872785568237305,0.8878147006034851,0.8856570720672607,1216.0,0.0,1216.0,0.0,0.4819079041481018,0.45573076605796814,0.0,0.7540750503540039,0.0,0.5,0.0,0.0,1.0
2,458.0,448.0,4517.0,4507.0,0.9087613224983215,0.9682218432426453,0.9080641269683838,0.22745387256145477,0.01,0.8165426850318909,0.9075562953948975,0.9095862507820129,0.9077543020248413,0.9091746807098389,1216.0,0.0,1216.0,0.0,0.41200658679008484,0.41694045066833496,0.0,0.8673133850097656,0.0,0.5,0.0,0.0,1.0
3,415.0,428.0,4537.0,4550.0,0.9166163206100464,0.971499502658844,0.9145771861076355,0.21579568088054657,0.01,0.8291021585464478,0.9157209992408752,0.9140216708183289,0.9164149165153503,0.9131811261177063,1216.0,1.0,1215.0,0.0,0.4490131437778473,0.418992280960083,0.0,1.1349895000457764,-0.003315477864816785,0.49979114532470703,0.0,0.0,0.9991776347160339
4,376.0,381.0,4584.0,4589.0,0.9234642386436462,0.9755874276161194,0.9242191910743713,0.19811412692070007,0.0009999999,0.8484533429145813,0.9246856570243835,0.9233400225639343,0.9242699146270752,0.9236778616905212,644.0,675.0,541.0,572.0,0.47861841320991516,0.4173364043235779,0.46261778473854065,0.8686378002166748,-0.08524320274591446,0.45745226740837097,0.45870089530944824,0.47039473056793213,0.44490131735801697
5,329.0,327.0,4638.0,4636.0,0.9339375495910645,0.9795613288879395,0.9343149065971375,0.18009598553180695,0.0009999999,0.868695080280304,0.934148907661438,0.9341124296188354,0.9337361454963684,0.934495210647583,23.0,1193.0,23.0,1193.0,0.5098684430122375,0.5091285109519958,0.6623597741127014,1.0937473773956299,-0.0019150219159200788,0.28070172667503357,0.5,0.9810855388641357,0.018914474174380302
