epoch,FN,FP,TN,TP,accuracy,auc,f1_score,loss,lr,mcc,npv,precision,recall,specificity,val_FN,val_FP,val_TN,val_TP,val_accuracy,val_auc,val_f1_score,val_loss,val_mcc,val_npv,val_precision,val_recall,val_specificity
0,1555.0,1526.0,4746.0,4717.0,0.8282245397567749,0.8201020956039429,0.817747175693512,0.40956076979637146,0.01,0.6381726264953613,0.8186513185501099,0.7555662393569946,0.7520726919174194,0.8212579488754272,558.0,558.0,594.0,594.0,0.515625,0.6128852367401123,0.5156249403953552,0.9994996190071106,0.03125,0.515625,0.515625,0.515625,0.515625
1,566.0,542.0,4475.0,4451.0,0.8899741172790527,0.9544234275817871,0.889197587966919,0.2728270888328552,0.01,0.7794599533081055,0.8881198167800903,0.8914480209350586,0.8871835470199585,0.8920063376426697,558.0,558.0,594.0,594.0,0.515625,0.6008564233779907,0.5156249403953552,1.2023131847381592,0.03125,0.515625,0.515625,0.515625,0.515625
2,492.0,483.0,4534.0,4525.0,0.9035279750823975,0.9654210209846497,0.902587890625,0.23764856159687042,0.01,0.80587238073349,0.9025561809539795,0.9035543203353882,0.9019334316253662,0.9036942720413208,558.0,558.0,594.0,594.0,0.515625,0.5319556593894958,0.5156249403953552,0.843111515045166,0.03125,0.515625,0.515625,0.515625,0.515625
3,446.0,453.0,4564.0,4571.0,0.9117002487182617,0.9701331853866577,0.9104119539260864,0.22093969583511353,0.01,0.82085782289505,0.9110807180404663,0.909832775592804,0.9111022353172302,0.9096656441688538,594.0,594.0,558.0,558.0,0.484375,0.40710073709487915,0.4843749403953552,2.0793094635009766,-0.03125,0.484375,0.484375,0.484375,0.484375
4,362.0,345.0,4672.0,4655.0,0.9298385381698608,0.97965008020401,0.9293913841247559,0.1822715848684311,0.0009999999,0.8592401742935181,0.9282772541046143,0.9309999942779541,0.927845299243927,0.9312738180160522,594.0,594.0,558.0,558.0,0.484375,0.39570000767707825,0.4843749403953552,2.505187511444092,-0.03125,0.484375,0.484375,0.484375,0.484375
5,308.0,306.0,4711.0,4709.0,0.9400039911270142,0.9838365316390991,0.9387376308441162,0.16233783960342407,0.0009999999,0.8775543570518494,0.9385969042778015,0.9389830231666565,0.938608705997467,0.9389252066612244,594.0,593.0,559.0,558.0,0.484375,0.48472315073013306,0.4846091866493225,1.7954180240631104,-0.030380673706531525,0.4847695529460907,0.48479583859443665,0.484375,0.4852430522441864
