epoch,FN,FP,TN,TP,accuracy,auc,f1_score,loss,lr,mcc,npv,precision,recall,specificity,val_FN,val_FP,val_TN,val_TP,val_accuracy,val_auc,val_f1_score,val_loss,val_mcc,val_npv,val_precision,val_recall,val_specificity
0,1275.0,1781.0,4267.0,4773.0,0.8208741545677185,0.8249952793121338,0.8112361431121826,0.4211352467536926,0.01,0.6243712902069092,0.8105983138084412,0.7282575368881226,0.7891865372657776,0.8145424723625183,640.0,640.0,640.0,640.0,0.5,0.5448147654533386,0.4999999403953552,1.4460090398788452,0.0,0.5,0.5,0.5,0.5
1,585.0,593.0,4294.0,4302.0,0.880294680595398,0.9469373822212219,0.8795422315597534,0.2942972481250763,0.01,0.7592619061470032,0.8804851770401001,0.8788560032844543,0.880294680595398,0.8786409497261047,640.0,640.0,640.0,640.0,0.5,0.49800047278404236,0.4999999403953552,1.9295778274536133,0.0,0.5,0.5,0.5,0.5
2,492.0,475.0,4412.0,4395.0,0.9023941159248352,0.9593036770820618,0.9009697437286377,0.25692299008369446,0.01,0.8026044964790344,0.9000682830810547,0.9024640917778015,0.8993247151374817,0.9029819965362549,640.0,640.0,640.0,640.0,0.5,0.5222110152244568,0.4999999403953552,2.571855306625366,0.0,0.5,0.5,0.5,0.5
3,440.0,423.0,4464.0,4447.0,0.9113975763320923,0.9675145745277405,0.911440908908844,0.229970782995224,0.01,0.823381781578064,0.9103706479072571,0.913141667842865,0.9099652171134949,0.9133632183074951,640.0,640.0,640.0,640.0,0.5,0.5105627775192261,0.4999999403953552,3.710416078567505,0.0,0.5,0.5,0.5,0.5
4,362.0,365.0,4522.0,4525.0,0.925721287727356,0.9787231683731079,0.9256811141967773,0.18834511935710907,0.0009999999,0.8513964414596558,0.9260057210922241,0.9253578782081604,0.9259259104728699,0.9252894520759583,653.0,630.0,650.0,627.0,0.5,0.5338028073310852,0.49426811933517456,3.315903425216675,-0.002339571714401245,0.49869805574417114,0.4988066852092743,0.4898437559604645,0.5078125
5,329.0,333.0,4554.0,4558.0,0.9328831434249878,0.9816945791244507,0.93243008852005,0.17367145419120789,0.0009999999,0.864901065826416,0.9328327775001526,0.9319157600402832,0.9326785206794739,0.9319853186607361,702.0,548.0,732.0,578.0,0.5,0.526540219783783,0.4803348183631897,2.622596025466919,0.02383306995034218,0.5096527338027954,0.5133215188980103,0.4515624940395355,0.5718749761581421
