epoch,FN,FP,TN,TP,accuracy,auc,f1_score,loss,lr,mcc,npv,precision,recall,specificity,val_FN,val_FP,val_TN,val_TP,val_accuracy,val_auc,val_f1_score,val_loss,val_mcc,val_npv,val_precision,val_recall,val_specificity
0,1588.0,1585.0,4495.0,4492.0,0.8057597875595093,0.7928820252418518,0.7928926348686218,0.45792046189308167,0.01,0.5872926115989685,0.7941819429397583,0.7391805052757263,0.7388157844543457,0.7933006286621094,626.0,626.0,654.0,654.0,0.510937511920929,0.4581988453865051,0.5109374523162842,0.880090594291687,0.02187499962747097,0.510937511920929,0.510937511920929,0.510937511920929,0.510937511920929
1,623.0,614.0,4266.0,4257.0,0.873975396156311,0.9423774480819702,0.8725876212120056,0.3065406382083893,0.01,0.7459911108016968,0.8726950287818909,0.8739478588104248,0.8723360896110535,0.873774528503418,626.0,626.0,654.0,654.0,0.510937511920929,0.43937045335769653,0.5109374523162842,0.9156285524368286,0.02187499962747097,0.510937511920929,0.510937511920929,0.510937511920929,0.510937511920929
2,497.0,483.0,4397.0,4383.0,0.8987705111503601,0.9627446532249451,0.8988471031188965,0.24672313034534454,0.01,0.7981927394866943,0.8981342911720276,0.900739848613739,0.8981557488441467,0.9003267884254456,0.0,1280.0,0.0,1280.0,0.5062500238418579,0.4060492217540741,0.6666664481163025,0.8741105198860168,0.0,0.0,0.5,1.0,0.0
3,432.0,433.0,4447.0,4448.0,0.9120901823043823,0.9682199358940125,0.9112667441368103,0.22791613638401031,0.01,0.8226637244224548,0.9114651083946228,0.9112886786460876,0.911475419998169,0.9111519455909729,0.0,1280.0,0.0,1280.0,0.40937501192092896,0.36618807911872864,0.6666664481163025,1.44558846950531,0.0,0.0,0.5,1.0,0.0
4,404.0,406.0,4474.0,4476.0,0.9172131419181824,0.9749442934989929,0.9168007969856262,0.20307514071464539,0.0009999999,0.8336241245269775,0.9170895218849182,0.9168373346328735,0.9172131419181824,0.9164624214172363,1.0,1279.0,1.0,1279.0,0.484375,0.3820727467536926,0.6664910316467285,2.2507739067077637,0.0,0.02499999664723873,0.5,0.999218761920929,0.0007812500116415322
5,337.0,329.0,4551.0,4543.0,0.9331967234611511,0.9800177812576294,0.9313130378723145,0.1802607923746109,0.0009999999,0.8628519177436829,0.9307701587677002,0.9324712753295898,0.9309425950050354,0.9321895241737366,0.0,1280.0,0.0,1280.0,0.2718749940395355,0.2941787838935852,0.6666664481163025,2.687825918197632,0.0,0.0,0.5,1.0,0.0
