epoch,FN,FP,TN,TP,accuracy,auc,f1_score,loss,lr,mcc,npv,precision,recall,specificity,val_FN,val_FP,val_TN,val_TP,val_accuracy,val_auc,val_f1_score,val_loss,val_mcc,val_npv,val_precision,val_recall,val_specificity
0,427.0,449.0,5695.0,5717.0,0.9213643670082092,0.977972149848938,0.918856680393219,0.21092942357063293,0.01,0.8379020094871521,0.9208670258522034,0.9271813035011292,0.9305012822151184,0.9166666865348816,43.0,43.0,1237.0,1237.0,0.9664062261581421,0.9868051409721375,0.9664062261581421,0.1691369265317917,0.932812511920929,0.9664062261581421,0.9664062261581421,0.9664062261581421,0.9664062261581421
1,169.0,173.0,4722.0,4726.0,0.966087818145752,0.9931131601333618,0.9650700092315674,0.10138572752475739,0.01,0.930254340171814,0.9655893445014954,0.9646866917610168,0.9654749631881714,0.9646650552749634,50.0,48.0,1232.0,1230.0,0.9609375,0.9933182597160339,0.9616565704345703,0.10198269784450531,0.9234817624092102,0.9611032605171204,0.9624413251876831,0.9609375,0.9624999761581421
2,127.0,116.0,4779.0,4768.0,0.9754852056503296,0.9963177442550659,0.9751259088516235,0.07104647904634476,0.01,0.9504145979881287,0.9741994738578796,0.9762489795684814,0.9740551710128784,0.9762874245643616,67.0,72.0,1208.0,1213.0,0.944531261920929,0.9878432750701904,0.9463386535644531,0.1375415325164795,0.8914440274238586,0.9463878870010376,0.9439688920974731,0.9476562738418579,0.9437500238418579
3,116.0,115.0,4780.0,4779.0,0.9760980606079102,0.9966592192649841,0.9763634204864502,0.06543975323438644,0.01,0.9528694748878479,0.9764313697814941,0.9765018224716187,0.9763023257255554,0.9764982461929321,50.0,50.0,1230.0,1230.0,0.9609375,0.9928817749023438,0.9609375,0.11029300838708878,0.921875,0.9609375,0.9609375,0.9609375,0.9609375
4,78.0,70.0,4825.0,4817.0,0.9859039783477783,0.9990901350975037,0.9848554730415344,0.040685251355171204,0.0009999999,0.9698424339294434,0.9841955900192261,0.9856762886047363,0.9840653538703918,0.985702633857727,45.0,45.0,1235.0,1235.0,0.96484375,0.9938018918037415,0.9648555517196655,0.09923696517944336,0.9297103881835938,0.9648422002792358,0.96484375,0.96484375,0.96484375
5,52.0,54.0,4841.0,4843.0,0.9893769025802612,0.9990270137786865,0.9891646504402161,0.03211326152086258,0.0009999999,0.978367030620575,0.9894096255302429,0.9889728426933289,0.9893769025802612,0.9889640212059021,46.0,45.0,1235.0,1234.0,0.9632812738418579,0.9939464926719666,0.964445948600769,0.09927982091903687,0.9289386868476868,0.9641067385673523,0.9648162722587585,0.964062511920929,0.96484375
